[{"model": "Insta.instauser", "pk": 1, "fields": {"password": "pbkdf2_sha256$216000$4PqFDUlDy3cP$1gE46v0toIKukXc672YYEoe3Rwg+hBTHcB9yyHYyfSw=", "last_login": "2020-09-03T01:17:29.832Z", "is_superuser": true, "username": "huan", "first_name": "", "last_name": "", "email": "wang.huan@ninechapter.com", "is_staff": true, "is_active": true, "date_joined": "2020-09-01T07:49:15Z", "profile_pic": "static/images/profiles/2aedd2f117ec69e4812c0c63d9261b57--bebop-cowboy-cowboy-cowboy_iEj00LP.jpg", "groups": [], "user_permissions": []}}, {"model": "Insta.instauser", "pk": 2, "fields": {"password": "pbkdf2_sha256$216000$LlWFBYYiXjY6$4e7abcdBqOI5i+B9bYbpOme6pzzmqfPZLK8fy5/rlss=", "last_login": "2020-09-03T01:11:12.366Z", "is_superuser": false, "username": "gjr", "first_name": "", "last_name": "", "email": "gjr@gjr.com", "is_staff": false, "is_active": true, "date_joined": "2020-09-01T14:30:15.638Z", "profile_pic": "static/images/profiles/1015-102-1.jpg", "groups": [], "user_permissions": []}}, {"model": "Insta.instauser", "pk": 3, "fields": {"password": "pbkdf2_sha256$216000$5mx6HGtE7fWA$Ooyj27eOReOEijlIWsbX/Xad1cJYiJm2FzTgtSm8ojI=", "last_login": "2020-09-02T00:02:33.497Z", "is_superuser": false, "username": "gjr2", "first_name": "", "last_name": "", "email": "gjr@gjr.com", "is_staff": false, "is_active": true, "date_joined": "2020-09-01T14:56:01.733Z", "profile_pic": "static/images/profiles/20200901225524.jpg", "groups": [], "user_permissions": []}}, {"model": "Insta.userconnection", "pk": 2, "fields": {"created": "2020-09-01T14:53:34.959Z", "creator": 2, "following": 1}}, {"model": "Insta.userconnection", "pk": 3, "fields": {"created": "2020-09-01T15:04:45.961Z", "creator": 3, "following": 1}}, {"model": "Insta.userconnection", "pk": 4, "fields": {"created": "2020-09-01T15:05:09.973Z", "creator": 3, "following": 2}}, {"model": "Insta.userconnection", "pk": 5, "fields": {"created": "2020-09-01T15:15:23.176Z", "creator": 1, "following": 3}}, {"model": "Insta.userconnection", "pk": 7, "fields": {"created": "2020-09-01T15:21:48.226Z", "creator": 1, "following": 1}}, {"model": "Insta.userconnection", "pk": 8, "fields": {"created": "2020-09-01T15:24:07.283Z", "creator": 2, "following": 3}}, {"model": "Insta.userconnection", "pk": 9, "fields": {"created": "2020-09-03T01:17:53.248Z", "creator": 1, "following": 2}}, {"model": "Insta.post", "pk": 1, "fields": {"author": 1, "title": "Cowboy Bebop First", "image": "static/images/posts/7kAbxm.jpg", "posted_on": "2020-09-01T07:58:55.964Z"}}, {"model": "Insta.post", "pk": 2, "fields": {"author": 1, "title": "Cowboy Bebop Second", "image": "static/images/posts/601b1086ea7e6f614c0f5bce34918b2f.jpg", "posted_on": "2020-09-01T14:28:42.127Z"}}, {"model": "Insta.post", "pk": 3, "fields": {"author": 1, "title": "Cowboy Bebop Third", "image": "static/images/posts/6263a0c9aec411702299cff621bc1401--anime-eyes-manga-anime.jpg", "posted_on": "2020-09-01T14:29:15.504Z"}}, {"model": "Insta.post", "pk": 4, "fields": {"author": 2, "title": "My First Post", "image": "static/images/posts/th.jpg", "posted_on": "2020-09-01T14:30:54.328Z"}}, {"model": "Insta.post", "pk": 5, "fields": {"author": 1, "title": "Cowboy Bebop Fourth", "image": "static/images/posts/131037.jpg", "posted_on": "2020-09-01T14:34:14.587Z"}}, {"model": "Insta.post", "pk": 6, "fields": {"author": 1, "title": "Cowboy Bebop Fifth", "image": "static/images/posts/170606-cowboy-bebop-hp-lg.jpg", "posted_on": "2020-09-01T14:34:49.865Z"}}, {"model": "Insta.post", "pk": 7, "fields": {"author": 1, "title": "Cowboy Bebop 6th", "image": "static/images/posts/2165498.jpg", "posted_on": "2020-09-01T14:37:57.535Z"}}, {"model": "Insta.post", "pk": 8, "fields": {"author": 1, "title": "Cowboy Bebop 7th", "image": "static/images/posts/2050490873f9e2bfe1bad1810263d4d1.jpg", "posted_on": "2020-09-01T14:38:33.020Z"}}, {"model": "Insta.post", "pk": 9, "fields": {"author": 1, "title": "Cowboy Bebop 8th", "image": "static/images/posts/Cowboy-Bebop.jpg", "posted_on": "2020-09-01T14:40:58.686Z"}}, {"model": "Insta.post", "pk": 10, "fields": {"author": 1, "title": "Cowboy Bebop 9th", "image": "static/images/posts/CowboyBebop2.jpg", "posted_on": "2020-09-01T14:41:33.271Z"}}, {"model": "Insta.post", "pk": 11, "fields": {"author": 2, "title": "My Second Post", "image": "static/images/posts/71353-102.jpg", "posted_on": "2020-09-01T14:44:12.746Z"}}, {"model": "Insta.post", "pk": 12, "fields": {"author": 2, "title": "My Third Post", "image": "static/images/posts/1530509034064.jpg", "posted_on": "2020-09-01T14:44:54.877Z"}}, {"model": "Insta.post", "pk": 13, "fields": {"author": 2, "title": "My Fourth Post", "image": "static/images/posts/PictureUnlock_s_55309.pictureunlock.jpg", "posted_on": "2020-09-01T14:50:27.593Z"}}, {"model": "Insta.post", "pk": 14, "fields": {"author": 3, "title": "Beauty 1", "image": "static/images/posts/DSC_5693_入册.jpg", "posted_on": "2020-09-01T15:03:17.276Z"}}, {"model": "Insta.post", "pk": 15, "fields": {"author": 3, "title": "Beauty 2", "image": "static/images/posts/DSC_5715_入册.jpg", "posted_on": "2020-09-01T15:04:16.905Z"}}, {"model": "Insta.post", "pk": 16, "fields": {"author": 3, "title": "Beauty 3", "image": "static/images/posts/DSC_5718_入册.jpg", "posted_on": "2020-09-01T15:06:28.792Z"}}, {"model": "Insta.post", "pk": 18, "fields": {"author": 3, "title": "Beauty 4", "image": "static/images/posts/DSC_5707_入册_水晶册后.jpg", "posted_on": "2020-09-01T15:27:23.470Z"}}, {"model": "Insta.post", "pk": 19, "fields": {"author": 1, "title": "Cowboy Bebop 10th", "image": "static/images/posts/2aedd2f117ec69e4812c0c63d9261b57--bebop-cowboy-cowboy-cowboy.jpg", "posted_on": "2020-09-01T15:31:08.885Z"}}, {"model": "Insta.post", "pk": 20, "fields": {"author": 1, "title": "Cowboy Bebop 11th", "image": "static/images/posts/Cowboy-Bebop6548411.jpg", "posted_on": "2020-09-01T23:51:59.255Z"}}, {"model": "Insta.post", "pk": 21, "fields": {"author": 1, "title": "Cowboy Bebop 12th", "image": "static/images/posts/cowboy-bebop-return.jpg", "posted_on": "2020-09-01T23:52:26.694Z"}}, {"model": "Insta.post", "pk": 22, "fields": {"author": 1, "title": "Cowboy Bebop 13th", "image": "static/images/posts/faye-spike_chair.jpg", "posted_on": "2020-09-01T23:53:28.488Z"}}, {"model": "Insta.post", "pk": 23, "fields": {"author": 1, "title": "Cowboy Bebop 14th", "image": "static/images/posts/HwArtdR3mQc.market_maxres.jpg", "posted_on": "2020-09-01T23:58:30.940Z"}}, {"model": "Insta.post", "pk": 24, "fields": {"author": 1, "title": "Cowboy Bebop 15th", "image": "static/images/posts/HZhVPC.jpg", "posted_on": "2020-09-01T23:59:15.007Z"}}, {"model": "Insta.post", "pk": 25, "fields": {"author": 1, "title": "Cowboy Bebop 16th", "image": "static/images/posts/Julia-And-Spike-Spiegel-Cowboy-Bebop-Wallpaper.jpg", "posted_on": "2020-09-02T00:00:01.404Z"}}, {"model": "Insta.post", "pk": 26, "fields": {"author": 1, "title": "Cowboy  Bebop 17th", "image": "static/images/posts/maxresdefault.jpg", "posted_on": "2020-09-02T00:01:34.683Z"}}, {"model": "Insta.post", "pk": 27, "fields": {"author": 1, "title": "Cowboy Bebop 18th", "image": "static/images/posts/Spike.Spiegel.full.1166497.jpg", "posted_on": "2020-09-03T01:06:47.235Z"}}, {"model": "Insta.post", "pk": 28, "fields": {"author": 1, "title": "Scenery 1", "image": "static/images/posts/248922-102.jpg", "posted_on": "2020-09-03T01:08:56.937Z"}}, {"model": "Insta.post", "pk": 29, "fields": {"author": 1, "title": "Scenery 2", "image": "static/images/posts/1570534679996.jpg", "posted_on": "2020-09-03T01:09:49.728Z"}}, {"model": "Insta.post", "pk": 30, "fields": {"author": 1, "title": "Scenery 3", "image": "static/images/posts/1570538359200.jpg", "posted_on": "2020-09-03T01:10:11.421Z"}}, {"model": "Insta.post", "pk": 31, "fields": {"author": 1, "title": "Scenery 4", "image": "static/images/posts/1570579998466.jpg", "posted_on": "2020-09-03T01:10:32.136Z"}}, {"model": "Insta.post", "pk": 32, "fields": {"author": 2, "title": "My Fifth Post", "image": "static/images/posts/274039-102.jpg", "posted_on": "2020-09-03T01:12:24.429Z"}}, {"model": "Insta.post", "pk": 33, "fields": {"author": 2, "title": "My Post 6", "image": "static/images/posts/274040-102.jpg", "posted_on": "2020-09-03T01:12:55.309Z"}}, {"model": "Insta.post", "pk": 34, "fields": {"author": 2, "title": "My Post 7", "image": "static/images/posts/9b4dd4acc58738ff845b77eb58a9571.jpg", "posted_on": "2020-09-03T01:13:36.185Z"}}, {"model": "Insta.post", "pk": 35, "fields": {"author": 2, "title": "My Post 8", "image": "static/images/posts/206430f0e5015916a7aac228795342.jpg", "posted_on": "2020-09-03T01:13:57.988Z"}}, {"model": "Insta.post", "pk": 36, "fields": {"author": 2, "title": "My Post 9", "image": "static/images/posts/1530507874402.jpg", "posted_on": "2020-09-03T01:14:25.399Z"}}, {"model": "Insta.post", "pk": 37, "fields": {"author": 2, "title": "My Post 10", "image": "static/images/posts/ab64fbd4423986124155b199f48984ee.jpg", "posted_on": "2020-09-03T01:16:46.783Z"}}, {"model": "Insta.post", "pk": 38, "fields": {"author": 2, "title": "My Post 11", "image": "static/images/posts/ed6fa6e3348789d72b3a548653fb5acc.jpg", "posted_on": "2020-09-03T01:17:02.910Z"}}, {"model": "Insta.comment", "pk": 1, "fields": {"post": 1, "user": 1, "comment": "Oh~I love Cowboy Bebop!!!", "posted_on": "2020-09-01T14:28:12.058Z"}}, {"model": "Insta.comment", "pk": 2, "fields": {"post": 1, "user": 2, "comment": "ME TOO~~~", "posted_on": "2020-09-01T14:31:11.200Z"}}, {"model": "Insta.comment", "pk": 3, "fields": {"post": 3, "user": 2, "comment": "It's so cool!", "posted_on": "2020-09-01T14:31:28.850Z"}}, {"model": "Insta.comment", "pk": 4, "fields": {"post": 2, "user": 2, "comment": "I love it.", "posted_on": "2020-09-01T14:31:47.727Z"}}, {"model": "Insta.comment", "pk": 5, "fields": {"post": 4, "user": 1, "comment": "Beautful~", "posted_on": "2020-09-01T14:32:30.744Z"}}, {"model": "Insta.comment", "pk": 6, "fields": {"post": 6, "user": 1, "comment": "Give me a cigaret~", "posted_on": "2020-09-01T14:36:50.510Z"}}, {"model": "Insta.comment", "pk": 7, "fields": {"post": 7, "user": 1, "comment": "peng~~~", "posted_on": "2020-09-01T14:38:06.888Z"}}, {"model": "Insta.comment", "pk": 8, "fields": {"post": 8, "user": 1, "comment": "Julia", "posted_on": "2020-09-01T14:40:26.863Z"}}, {"model": "Insta.comment", "pk": 9, "fields": {"post": 10, "user": 1, "comment": "Cool~", "posted_on": "2020-09-01T14:41:42.216Z"}}, {"model": "Insta.comment", "pk": 11, "fields": {"post": 7, "user": 2, "comment": "Ah........", "posted_on": "2020-09-01T14:42:53.358Z"}}, {"model": "Insta.comment", "pk": 12, "fields": {"post": 4, "user": 2, "comment": "I want to know where it is.", "posted_on": "2020-09-01T14:43:22.703Z"}}, {"model": "Insta.comment", "pk": 13, "fields": {"post": 11, "user": 2, "comment": "CR7", "posted_on": "2020-09-01T14:44:19.947Z"}}, {"model": "Insta.comment", "pk": 14, "fields": {"post": 11, "user": 1, "comment": "CR7", "posted_on": "2020-09-01T14:46:25.340Z"}}, {"model": "Insta.comment", "pk": 15, "fields": {"post": 12, "user": 1, "comment": "7", "posted_on": "2020-09-01T14:46:32.553Z"}}, {"model": "Insta.comment", "pk": 16, "fields": {"post": 12, "user": 1, "comment": "9", "posted_on": "2020-09-01T14:46:35.169Z"}}, {"model": "Insta.comment", "pk": 17, "fields": {"post": 13, "user": 2, "comment": "Ugly", "posted_on": "2020-09-01T14:50:39.435Z"}}, {"model": "Insta.comment", "pk": 18, "fields": {"post": 13, "user": 1, "comment": "I like it", "posted_on": "2020-09-01T14:51:19.825Z"}}, {"model": "Insta.comment", "pk": 19, "fields": {"post": 14, "user": 3, "comment": "HEY", "posted_on": "2020-09-01T15:03:42.432Z"}}, {"model": "Insta.comment", "pk": 20, "fields": {"post": 15, "user": 3, "comment": "Hey", "posted_on": "2020-09-01T15:04:26.612Z"}}, {"model": "Insta.comment", "pk": 22, "fields": {"post": 18, "user": 3, "comment": "cool", "posted_on": "2020-09-01T15:27:34.229Z"}}, {"model": "Insta.comment", "pk": 23, "fields": {"post": 19, "user": 1, "comment": "me", "posted_on": "2020-09-01T15:31:15.489Z"}}, {"model": "Insta.comment", "pk": 24, "fields": {"post": 5, "user": 1, "comment": "123", "posted_on": "2020-09-02T01:58:00.539Z"}}, {"model": "Insta.comment", "pk": 25, "fields": {"post": 7, "user": 1, "comment": "牛逼", "posted_on": "2020-09-02T10:21:37.914Z"}}, {"model": "Insta.comment", "pk": 26, "fields": {"post": 27, "user": 1, "comment": "me", "posted_on": "2020-09-03T01:06:53.230Z"}}, {"model": "Insta.comment", "pk": 27, "fields": {"post": 36, "user": 2, "comment": "love !!!!!!!!!!!!!!!!!!!!!!!!!!!!!!!!!!!!", "posted_on": "2020-09-03T01:14:34.564Z"}}, {"model": "Insta.comment", "pk": 28, "fields": {"post": 38, "user": 2, "comment": "OMG!!!!!!!!!!!!!!!!", "posted_on": "2020-09-03T01:17:13.020Z"}}, {"model": "Insta.comment", "pk": 29, "fields": {"post": 38, "user": 1, "comment": "ACE Forever!!!!!!!", "posted_on": "2020-09-03T01:19:09.771Z"}}, {"model": "Insta.comment", "pk": 30, "fields": {"post": 34, "user": 1, "comment": "07 Ghost", "posted_on": "2020-09-04T00:28:48.935Z"}}, {"model": "Insta.like", "pk": 1, "fields": {"post": 1, "user": 1}}, {"model": "Insta.like", "pk": 2, "fields": {"post": 2, "user": 1}}, {"model": "Insta.like", "pk": 3, "fields": {"post": 3, "user": 1}}, {"model": "Insta.like", "pk": 4, "fields": {"post": 1, "user": 2}}, {"model": "Insta.like", "pk": 5, "fields": {"post": 3, "user": 2}}, {"model": "Insta.like", "pk": 6, "fields": {"post": 2, "user": 2}}, {"model": "Insta.like", "pk": 7, "fields": {"post": 4, "user": 2}}, {"model": "Insta.like", "pk": 9, "fields": {"post": 5, "user": 1}}, {"model": "Insta.like", "pk": 12, "fields": {"post": 8, "user": 1}}, {"model": "Insta.like", "pk": 14, "fields": {"post": 10, "user": 1}}, {"model": "Insta.like", "pk": 15, "fields": {"post": 10, "user": 2}}, {"model": "Insta.like", "pk": 16, "fields": {"post": 9, "user": 2}}, {"model": "Insta.like", "pk": 18, "fields": {"post": 8, "user": 2}}, {"model": "Insta.like", "pk": 19, "fields": {"post": 7, "user": 2}}, {"model": "Insta.like", "pk": 20, "fields": {"post": 6, "user": 2}}, {"model": "Insta.like", "pk": 21, "fields": {"post": 5, "user": 2}}, {"model": "Insta.like", "pk": 22, "fields": {"post": 11, "user": 2}}, {"model": "Insta.like", "pk": 23, "fields": {"post": 12, "user": 2}}, {"model": "Insta.like", "pk": 24, "fields": {"post": 12, "user": 1}}, {"model": "Insta.like", "pk": 25, "fields": {"post": 11, "user": 1}}, {"model": "Insta.like", "pk": 26, "fields": {"post": 13, "user": 1}}, {"model": "Insta.like", "pk": 27, "fields": {"post": 14, "user": 3}}, {"model": "Insta.like", "pk": 28, "fields": {"post": 15, "user": 3}}, {"model": "Insta.like", "pk": 29, "fields": {"post": 16, "user": 3}}, {"model": "Insta.like", "pk": 31, "fields": {"post": 18, "user": 3}}, {"model": "Insta.like", "pk": 32, "fields": {"post": 19, "user": 1}}, {"model": "Insta.like", "pk": 33, "fields": {"post": 18, "user": 1}}, {"model": "Insta.like", "pk": 34, "fields": {"post": 16, "user": 1}}, {"model": "Insta.like", "pk": 35, "fields": {"post": 15, "user": 1}}, {"model": "Insta.like", "pk": 36, "fields": {"post": 14, "user": 1}}, {"model": "Insta.like", "pk": 37, "fields": {"post": 20, "user": 1}}, {"model": "Insta.like", "pk": 38, "fields": {"post": 21, "user": 1}}, {"model": "Insta.like", "pk": 39, "fields": {"post": 22, "user": 1}}, {"model": "Insta.like", "pk": 40, "fields": {"post": 23, "user": 1}}, {"model": "Insta.like", "pk": 41, "fields": {"post": 24, "user": 1}}, {"model": "Insta.like", "pk": 42, "fields": {"post": 25, "user": 1}}, {"model": "Insta.like", "pk": 43, "fields": {"post": 26, "user": 1}}, {"model": "Insta.like", "pk": 44, "fields": {"post": 1, "user": 3}}, {"model": "Insta.like", "pk": 45, "fields": {"post": 2, "user": 3}}, {"model": "Insta.like", "pk": 46, "fields": {"post": 3, "user": 3}}, {"model": "Insta.like", "pk": 47, "fields": {"post": 5, "user": 3}}, {"model": "Insta.like", "pk": 48, "fields": {"post": 6, "user": 3}}, {"model": "Insta.like", "pk": 49, "fields": {"post": 7, "user": 3}}, {"model": "Insta.like", "pk": 50, "fields": {"post": 8, "user": 3}}, {"model": "Insta.like", "pk": 51, "fields": {"post": 9, "user": 3}}, {"model": "Insta.like", "pk": 52, "fields": {"post": 10, "user": 3}}, {"model": "Insta.like", "pk": 53, "fields": {"post": 19, "user": 3}}, {"model": "Insta.like", "pk": 54, "fields": {"post": 20, "user": 3}}, {"model": "Insta.like", "pk": 55, "fields": {"post": 21, "user": 3}}, {"model": "Insta.like", "pk": 56, "fields": {"post": 22, "user": 3}}, {"model": "Insta.like", "pk": 57, "fields": {"post": 23, "user": 3}}, {"model": "Insta.like", "pk": 58, "fields": {"post": 24, "user": 3}}, {"model": "Insta.like", "pk": 59, "fields": {"post": 25, "user": 3}}, {"model": "Insta.like", "pk": 60, "fields": {"post": 26, "user": 3}}, {"model": "Insta.like", "pk": 61, "fields": {"post": 4, "user": 3}}, {"model": "Insta.like", "pk": 62, "fields": {"post": 12, "user": 3}}, {"model": "Insta.like", "pk": 63, "fields": {"post": 13, "user": 3}}, {"model": "Insta.like", "pk": 65, "fields": {"post": 6, "user": 1}}, {"model": "Insta.like", "pk": 68, "fields": {"post": 7, "user": 1}}, {"model": "Insta.like", "pk": 69, "fields": {"post": 9, "user": 1}}, {"model": "Insta.like", "pk": 70, "fields": {"post": 4, "user": 1}}, {"model": "Insta.like", "pk": 71, "fields": {"post": 27, "user": 1}}, {"model": "Insta.like", "pk": 72, "fields": {"post": 28, "user": 1}}, {"model": "Insta.like", "pk": 73, "fields": {"post": 30, "user": 1}}, {"model": "Insta.like", "pk": 74, "fields": {"post": 31, "user": 1}}, {"model": "Insta.like", "pk": 75, "fields": {"post": 32, "user": 2}}, {"model": "Insta.like", "pk": 76, "fields": {"post": 33, "user": 2}}, {"model": "Insta.like", "pk": 77, "fields": {"post": 36, "user": 2}}, {"model": "Insta.like", "pk": 78, "fields": {"post": 38, "user": 2}}, {"model": "Insta.like", "pk": 79, "fields": {"post": 36, "user": 1}}, {"model": "Insta.like", "pk": 80, "fields": {"post": 38, "user": 1}}, {"model": "Insta.like", "pk": 81, "fields": {"post": 32, "user": 1}}, {"model": "Insta.like", "pk": 82, "fields": {"post": 37, "user": 1}}, {"model": "Insta.like", "pk": 83, "fields": {"post": 34, "user": 1}}, {"model": "Insta.like", "pk": 84, "fields": {"post": 33, "user": 1}}]